有辅助(带偏移)-Train-WEIGHTED,有辅助(带偏移)-Test-WEIGHTED,True(Train),True(Test)
42.727554,64.04757,45.0,66.0
44.5472,65.525345,46.0,72.0
45.393158,70.57665,43.0,69.0
42.87826,67.942024,46.0,62.999996
45.335285,63.498978,42.0,61.0
42.331284,62.222237,42.0,61.0
42.343136,61.559616,45.0,62.999996
44.866787,62.86387,41.0,62.0
41.508385,61.613586,40.0,61.0
40.781364,60.88333,39.0,60.000004
39.932842,59.496048,40.0,57.999996
40.398216,57.912037,41.0,60.000004
40.916492,59.79188,42.0,64.0
42.024353,62.87504,42.0,65.0
42.013607,63.589996,42.0,66.0
42.15189,64.96577,44.0,64.0
43.795055,62.93751,44.0,62.0
43.75995,61.646816,50.0,61.0
48.858402,61.153183,46.0,66.0
45.916965,65.41291,43.0,68.0
43.53297,67.33559,42.0,71.0
42.60943,70.13385,41.0,70.0
41.608986,69.26966,44.0,68.0
43.79558,68.22252,42.0,70.0
41.742313,70.13702,41.0,73.0
41.79934,72.35956,44.0,74.0
43.63639,73.17539,41.0,74.0
40.843216,73.631516,44.0,74.0
44.113388,73.82726,46.0,75.0
45.60665,74.87173,46.0,77.0
45.601532,76.7252,43.0,75.0
43.363537,75.34858,44.0,74.0
44.083622,74.861984,46.0,75.0
45.838448,75.6806,42.0,74.0
42.372696,74.63914,45.0,75.0
45.030487,75.36726,46.0,76.0
45.52927,76.757904,45.0,77.0
45.04326,76.59389,46.0,77.0
45.582706,76.047226,45.0,77.0
44.828915,76.23206,45.0,77.0
45.02637,76.80213,44.0,76.0
44.034214,76.58336,42.0,76.0
42.240635,76.68852,39.0,77.0
40.052734,77.18464,41.0,77.0
41.26218,77.22877,45.0,75.0
44.278465,75.418816,47.0,74.0
45.763485,74.13005,48.0,73.0
46.63714,72.788246,47.0,74.0
46.051186,73.83026,43.0,73.0
43.19745,72.778404,45.0,73.0
44.76881,72.56304,45.0,72.0
44.800858,71.80885,44.0,62.999996
44.006233,63.530518,41.0,60.000004
41.729675,61.115704,40.0,62.999996
40.591667,63.47272,39.0,66.0
39.6506,65.53353,39.0,64.0
39.542946,63.997227,41.0,66.0
40.92022,65.68655,43.0,66.99999
42.494076,65.992676,47.0,66.0
45.89263,65.38903,44.0,59.0
43.519657,59.33471,42.0,57.0
42.547237,57.96698,46.0,55.0
45.51893,55.84578,50.0,59.0
48.58674,59.2591,49.0,57.999996
47.98344,57.75898,49.0,59.0
48.432907,58.69545,45.0,55.0
45.07626,55.36338,43.0,56.0
43.62123,56.510868,43.0,53.0
43.39681,53.845833,45.0,52.000004
45.197372,53.158825,42.0,54.0
42.41631,54.059895,40.0,57.0
40.683754,56.24594,38.0,62.999996
38.815178,61.251682,40.0,65.0
40.481598,62.871323,42.0,64.0
41.851566,62.617775,43.0,62.0
42.827026,61.181293,41.0,64.0
41.119526,62.973858,47.0,66.99999
46.03746,65.73783,42.0,69.0
41.655247,67.507576,40.0,69.0
41.00337,68.04719,44.0,70.0
43.74088,69.289734,43.0,69.0
42.649788,68.82184,40.0,69.0
40.52894,68.694046,39.0,70.0
39.542843,69.652626,39.0,70.0
39.59859,69.77127,38.0,66.0
38.796856,66.51064,38.0,64.0
38.375435,64.828415,41.0,64.0
40.691006,64.78438,41.0,66.0
40.73882,65.8624,40.0,66.0
40.078884,65.668205,36.0,70.0
36.70695,69.136475,39.0,68.0
39.7062,67.57279,40.0,65.0
39.900887,65.94626,39.0,70.0
38.99677,69.54632,41.0,60.000004
40.576294,60.120216,42.0,60.000004
41.532764,60.748417,38.0,62.999996
38.134335,63.11207,39.0,62.999996
39.48733,62.735443,42.0,64.0
41.732258,63.702877,47.0,62.0
45.77852,61.490788,44.0,66.0
43.614082,65.16923,42.0,65.0
42.291588,64.57495,40.0,62.999996
40.471283,62.72329,38.0,66.0
38.766373,64.85494,37.0,62.999996
37.5776,61.73267,34.0,62.999996
34.90579,61.45315,36.0,64.0
36.54519,61.68327,36.0,66.0
36.150536,63.91416,35.0,64.0
35.415123,62.681633,38.0,66.99999
38.302574,65.18518,37.0,61.0
37.017765,59.64789,35.0,57.0
35.750874,56.712543,32.0,60.000004
33.53301,59.230965,38.0,61.0
38.301903,59.49033,35.0,59.0
34.984226,57.460846,33.0,65.0
34.277355,63.623425,33.0,60.000004
34.073532,59.238693,34.0,59.0
34.762928,58.935467,32.0,57.0
33.09881,56.956165,36.0,59.0
36.128082,58.48989,35.0,57.0
35.070213,56.6744,34.0,55.0
34.689774,54.975544,34.0,55.0
34.66048,55.125908,34.0,59.0
34.754467,58.46393,37.0,60.000004
36.999207,58.84744,41.0,57.999996
40.484592,57.407837,42.0,57.999996
41.16325,57.8088,50.0,60.000004
48.492916,59.7431,48.0,61.0
46.94621,60.585495,49.0,59.0
48.320385,58.357994,45.0,60.000004
45.16384,59.8593,46.0,61.0
45.85527,60.73725,43.0,59.0
43.105984,58.719505,43.0,59.0
43.57723,59.257954,45.0,60.000004
44.989536,59.68484,46.0,57.0
45.778706,56.67866,44.0,57.0
44.042366,56.695442,44.0,59.0
44.063225,57.96556,43.0,62.999996
42.96292,61.510582,42.0,60.000004
42.290558,58.775303,42.0,59.0
41.933105,58.53859,42.0,66.0
42.033512,64.151535,41.0,69.0
41.356377,66.68949,43.0,65.0
42.76429,64.03137,43.0,62.0
42.4847,62.19492,38.0,61.0
38.48365,61.665173,35.0,62.999996
36.08143,63.331684,35.0,62.999996
35.692013,62.635994,34.0,62.0
34.92884,61.95504,37.0,56.0
37.46764,56.95612,34.0,57.0
34.55385,57.907063,35.0,57.0
35.895515,57.41241,37.0,57.999996
37.03844,58.088894,41.0,54.0
40.66252,54.12857,43.0,56.0
42.331684,56.31078,53.0,57.999996
51.15325,58.229534,52.000004,61.0
50.402332,60.47903,47.0,57.999996
47.167915,57.96258,48.0,61.0
48.23967,60.83448,48.0,62.999996
47.983814,61.65649,47.0,62.0
47.06307,61.07057,46.0,57.999996
46.359253,58.122555,39.0,59.0
39.797523,59.224403,38.0,59.0
39.200363,58.767014,35.0,57.0
35.995026,57.129105,39.0,57.999996
39.48846,57.667145,38.0,59.0
38.03537,58.379288,35.0,59.0
35.52877,58.312794,33.0,60.000004
34.302048,59.03914,33.0,55.0
34.298786,54.896835,37.0,55.0
37.130535,55.067467,42.0,59.0
41.04598,57.821995,38.0,54.0
37.6372,53.456497,41.0,50.0
40.88298,50.693512,39.0,50.0
38.691975,50.53531,36.0,50.0
36.88162,50.302258,38.0,49.0
38.300606,49.108326,38.0,48.0
37.734787,48.18083,36.0,49.0
36.242676,49.112392,36.0,50.0
36.31171,49.648228,35.0,52.000004
35.485676,51.37337,35.0,51.0
35.563168,50.50059,37.0,50.0
37.034355,50.18467,41.0,51.0
40.38494,50.755283,41.0,54.0
40.254654,53.352802,43.0,52.000004
42.195816,51.619545,38.0,56.0
37.85343,54.812027,39.0,57.999996
39.27459,56.795616,41.0,62.999996
40.57719,61.594383,41.0,56.0
40.553295,54.86323,39.0,54.0
39.110893,53.75892,41.0,54.0
40.971367,53.520164,37.0,57.999996
37.266697,56.935608,36.0,57.0
37.160034,55.76372,37.0,55.0
37.83945,54.3813,42.0,55.0
41.31981,54.43217,45.0,56.0
44.026684,55.45953,45.0,55.0
44.312294,54.205673,44.0,57.0
43.665653,56.00571,44.0,56.0
43.92647,55.127037,43.0,54.0
43.217716,53.71643,44.0,54.0
43.739674,53.238525,42.0,54.0
42.018898,53.669365,45.0,52.000004
44.601433,52.034405,41.0,54.0
40.852707,53.454254,42.0,56.0
42.370655,54.79369,38.0,50.0
38.8274,50.022774,36.0,47.0
36.917862,47.503353,36.0,48.0
36.563328,48.230347,39.0,45.0
38.898624,45.62931,34.0,41.0
34.418186,42.127068,33.0,41.0
34.08906,41.909477,33.0,41.0
33.906517,41.580486,33.0,39.0
33.75915,39.34376,36.0,38.0
36.183872,38.695927,40.0,38.0
39.13215,38.76236,39.0,38.0
38.300762,38.38889,40.0,36.0
39.755505,36.709743,40.0,35.0
39.93163,35.79583,38.0,35.0
38.079887,35.741898,39.0,35.0
39.009064,35.64783,40.0,33.0
39.88287,34.121563,39.0,36.0
38.905743,36.76492,38.0,34.0
38.207302,34.854294,37.0,33.0
37.413265,34.055305,36.0,35.0
36.52091,35.793354,38.0,34.0
38.023685,34.730583,39.0,35.0
38.68188,35.54055,37.0,34.0
37.06644,34.53339,38.0,39.0
38.24386,38.483486,38.0,45.0
38.151672,43.634007,37.0,44.0
37.376682,43.136093,37.0,46.0
37.379223,45.442642,40.0,47.0
39.885674,46.400536,36.0,47.0
36.36415,46.51354,35.0,47.0
36.088097,46.813095,42.0,46.0
41.48947,46.070133,47.0,43.0
45.395924,43.44648,53.0,45.0
50.765915,45.39278,51.0,46.0
49.721283,45.9934,50.0,45.0
49.309338,44.90286,49.0,44.0
48.84332,43.797523,48.0,47.0
47.622334,46.505245,48.0,52.000004
47.40393,50.36428,46.0,49.0
45.67629,47.929203,49.0,48.0
47.956062,47.429996,40.0,49.0
40.900047,48.499928,38.0,50.0
39.778454,49.572445,39.0,46.0
40.153748,45.714172,47.0,48.0
46.046997,47.452137,42.0,48.0
41.88922,47.870613,47.0,54.0
46.330288,53.20885,52.000004,61.0
50.802963,58.895737,47.0,53.0
46.44039,52.179405,43.0,48.0
43.557045,48.654377,42.0,54.0
42.64012,53.815838,44.0,56.0
44.221466,55.242325,47.0,55.0
46.672806,54.170498,48.0,50.0
47.543568,50.295895,44.0,47.0
44.682617,47.993465,44.0,48.0
44.759945,48.432316,44.0,45.0
44.554043,45.09418,43.0,47.0
44.0465,46.999344,44.0,51.0
44.623905,50.227257,45.0,50.0
45.04158,49.265232,40.0,50.0
40.915363,49.76406,40.0,51.0
41.019245,50.170677,41.0,46.0
41.777485,45.788036,40.0,48.0
40.56644,47.686638,40.0,53.0
40.493305,51.8327,39.0,54.0
39.6281,52.54357,39.0,54.0
39.564312,53.032673,39.0,56.0
39.43805,54.36908,40.0,61.0
40.20527,59.201447,40.0,60.000004
40.154335,58.587383,39.0,55.0
39.563744,54.573414,39.0,55.0
39.258507,54.72321,40.0,53.0
40.22356,53.00367,40.0,51.0
40.283985,50.8497,39.0,56.0
39.386665,54.976044,45.0,52.000004
44.277958,51.36409,43.0,55.0
42.3774,54.407116,40.0,62.0
40.434864,60.209835,41.0,57.0
41.334568,55.75459,40.0,57.999996
39.89974,57.23904,38.0,60.000004
39.305336,58.9851,39.0,57.999996
39.16627,57.292034,39.0,55.0
39.188335,55.063805,37.0,56.0
38.07235,55.81995,42.0,50.0
42.108818,50.52084,44.0,49.0
43.56212,49.476185,49.0,49.0
48.78632,49.192127,49.0,51.0
47.695694,50.654972,47.0,57.0
47.01711,55.63572,47.0,64.0
48.979706,61.266083,48.0,62.0
47.684578,60.139435,42.0,64.0
41.41846,62.662342,44.0,65.0
43.893044,63.593903,45.0,65.0
45.055626,63.92283,43.0,65.0
42.302906,64.23302,44.0,64.0
42.726147,63.521957,42.0,65.0
41.537415,64.623604,43.0,66.0
42.935024,65.63626,41.0,65.0
41.331543,64.2507,41.0,66.99999
41.055866,65.50663,41.0,66.0
40.951946,64.89202,42.0,65.0
41.786106,64.398056,41.0,62.999996
40.96425,62.868664,42.0,62.0
41.41338,61.18573,39.0,62.0
39.424355,61.531483,44.0,62.999996
43.510777,62.3123,42.0,62.0
41.523815,61.16742,42.0,65.0
41.95266,63.784763,45.0,66.0
44.416153,64.72824,44.0,57.0
43.11905,56.592285,44.0,57.0
42.770943,57.44521,45.0,59.0
43.113,58.79801,41.0,59.0
40.430435,58.505566,42.0,59.0
41.879852,58.389748,44.0,62.999996
43.96258,62.123608,38.0,57.999996
39.064774,57.132317,38.0,55.0
38.695724,55.074432,39.0,54.0
39.25961,54.387505,39.0,55.0
39.171776,55.03189,47.0,57.999996
44.977966,57.553535,41.0,59.0
40.62623,58.5281,45.0,55.0
43.67989,54.44937,40.0,55.0
40.544724,54.88413,39.0,55.0
39.966534,55.040134,44.0,52.000004
43.886383,52.33643,41.0,55.0
41.193462,55.028316,44.0,56.0
43.601234,55.682117,44.0,57.0
43.38023,56.461967,41.0,56.0
41.535397,55.768425,46.0,52.000004
45.64085,52.357365,42.0,53.0
42.58181,53.523228,39.0,57.0
40.40208,56.871014,41.0,57.0
41.734344,56.72257,41.0,51.0
41.520267,51.268356,39.0,50.0
40.0973,51.07818,39.0,49.0
39.80355,49.615772,39.0,47.0
39.822456,47.481056,39.0,56.0
39.765816,55.272022,42.0,51.0
41.82583,50.5558,37.0,52.000004
38.01195,51.874817,39.0,50.0
40.03156,50.331284,38.0,50.0
38.781635,50.083508,38.0,48.0
38.966167,48.1951,38.0,50.0
38.68889,49.88223,44.0,51.0
43.501854,50.6099,41.0,51.0
40.951122,50.523155,38.0,48.0
39.274834,47.89924,38.0,43.0
39.441513,44.024246,40.0,46.0
40.740063,46.672947,39.0,47.0
39.771927,46.867638,41.0,43.0
41.17578,43.333157,39.0,44.0
39.456646,44.53753,38.0,40.0
39.077385,40.8545,37.0,44.0
38.452633,44.394176,35.0,43.0
36.70727,42.817867,37.0,48.0
38.282074,47.500587,37.0,51.0
37.87125,50.113148,38.0,54.0
38.512,52.320644,39.0,54.0
39.619038,52.901375,38.0,55.0
38.554787,54.206203,38.0,52.000004
38.69999,51.781414,39.0,57.0
39.557907,56.609074,41.0,59.0
41.251534,57.465275,40.0,59.0
40.194496,57.71318,40.0,66.99999
40.6651,64.70415,40.0,68.0
40.535805,65.38513,39.0,66.0
39.612823,65.30749,37.0,66.99999
38.092506,66.56164,39.0,65.0
39.464092,64.07066,38.0,68.0
38.236347,66.83451,37.0,70.0
37.952682,68.56942,38.0,66.99999
38.612114,66.420425,36.0,69.0
36.86865,68.61233,38.0,69.0
38.671024,68.23368,40.0,70.0
40.11366,69.14567,40.0,66.0
40.09489,66.378944,47.0,68.0
45.73139,68.652145,48.0,68.0
46.43872,67.71133,50.0,69.0
48.58067,68.01382,50.0,66.99999
48.95911,66.18919,52.000004,66.99999
50.682056,66.58695,46.0,61.0
45.81562,61.66597,42.0,56.0
42.579514,57.551376,40.0,49.0
40.8064,50.952927,37.0,49.0
38.51103,50.8315,40.0,51.0
40.704586,51.513123,40.0,55.0
40.201138,54.461643,43.0,53.0
42.890297,52.606655,46.0,57.0
45.336067,56.478043,46.0,59.0
45.367943,57.92104,42.0,57.0
42.34597,56.853485,44.0,61.0
43.955116,59.881935,41.0,62.999996
41.243076,61.661438,40.0,62.0
40.689415,61.39642,41.0,66.0
41.627174,65.03584,38.0,62.999996
38.713497,62.04747,39.0,62.0
39.575504,61.747047,39.0,62.999996
39.40983,62.83055,39.0,61.0
39.290146,60.53818,37.0,57.999996
37.40477,58.217102,39.0,54.0
39.251637,54.931023,38.0,59.0
38.1141,58.9582,37.0,56.0
37.52925,55.86867,38.0,56.0
38.440647,55.892704,38.0,52.000004
38.390907,52.47218,40.0,57.0
39.91679,57.014263,43.0,57.0
42.308327,56.17778,40.0,56.0
39.760887,55.47083,41.0,60.000004
41.063374,59.44712,40.0,60.000004
40.356834,59.254463,41.0,56.0
41.001076,56.439526,39.0,59.0
39.55293,59.202854,42.0,60.000004
41.77904,59.60726,39.0,61.0
39.10593,60.56362,39.0,56.0
39.47712,56.47946,39.0,60.000004
38.59673,59.895298,40.0,60.000004
39.483604,59.62779,42.0,60.000004
40.790195,59.675014,39.0,61.0
39.12859,60.478333,38.0,62.0
38.536564,61.406166,37.0,62.999996
37.428246,62.49044,37.0,64.0
37.42715,62.709427,36.0,60.000004
36.591988,59.719753,37.0,56.0
37.162773,56.23348,38.0,57.0
38.315403,56.814716,33.0,57.999996
34.251236,57.417374,34.0,59.0
35.02442,58.297974,36.0,61.0
36.15258,59.472565,34.0,56.0
34.63536,55.33876,35.0,57.999996
35.66807,57.65376,38.0,66.0
37.97633,64.51929,38.0,69.0
37.761665,66.60792,38.0,68.0
38.086384,66.58558,36.0,70.0
36.26062,68.161316,35.0,68.0
35.694073,66.83872,35.0,66.99999
35.539078,66.623085,40.0,66.0
39.72247,65.41682,37.0,66.99999
37.028503,65.96978,36.0,64.0
36.93387,63.794827,40.0,64.0
39.855263,63.60671,42.0,62.999996
41.489853,62.729633,41.0,62.999996
40.8562,62.814495,41.0,64.0
41.192787,63.523323,40.0,62.0
40.084454,61.863533,35.0,59.0
35.837173,59.476364,38.0,62.999996
38.581776,62.83229,41.0,66.0
40.544212,65.103485,39.0,65.0
38.748764,64.38638,44.0,66.99999
43.62369,66.4384,43.0,66.99999
42.338776,66.62411,44.0,62.999996
43.80232,63.604717,47.0,66.99999
46.42848,66.88921,50.0,65.0
48.014328,64.67927,41.0,65.0
40.505444,65.022766,41.0,62.999996
41.81693,62.84483,36.0,62.999996
36.81539,62.63576,34.0,60.000004
35.180367,59.91845,33.0,65.0
34.122448,64.022415,35.0,57.999996
35.495884,57.81665,36.0,62.0
35.97254,62.19224,40.0,56.0
39.646973,56.3926,38.0,55.0
37.35658,55.26711,39.0,56.0
38.332363,55.621796,40.0,54.0
39.42491,53.253242,40.0,50.0
39.916096,50.613457,42.0,47.0
41.838207,48.160862,46.0,50.0
43.362537,50.486977,39.0,49.0
38.456177,49.344032,40.0,55.0
40.219807,54.666676,46.0,59.0
45.208706,57.144264,46.0,57.0
45.229813,55.892418,47.0,57.0
46.34336,56.694786,50.0,53.0
49.031605,53.47356,47.0,56.0
46.555634,56.07761,46.0,57.0
46.003258,56.711487,43.0,57.0
43.574318,55.82635,45.0,54.0
45.42964,53.779408,46.0,59.0
46.031796,58.417366,46.0,62.999996
45.61075,61.563217,45.0,62.999996
44.65514,61.522427,45.0,60.000004
44.84888,59.597267,43.0,62.0
43.332626,60.908295,42.0,61.0
42.696526,60.193398,44.0,62.999996
43.776093,62.20418,46.0,59.0
45.595596,58.68027,45.0,53.0
44.55294,54.14757,44.0,50.0
43.227352,51.564163,44.0,60.000004
44.090343,59.51078,44.0,57.999996
43.83298,56.889324,41.0,52.000004
41.292118,52.07654,40.0,52.000004
40.51348,52.395313,39.0,57.0
39.621216,56.070698,38.0,55.0
38.5903,54.259666,42.0,54.0
41.65091,53.702496,47.0,50.0
46.15406,50.095486,51.0,57.0
49.337658,56.57537,47.0,62.0
46.37237,60.421494,50.0,60.000004
49.022743,58.584515,53.0,57.0
51.444466,56.539513,54.0,53.0
52.399242,53.261154,51.0,53.0
50.19536,53.45373,53.0,54.0
51.79541,54.08806,43.0,53.0
44.281246,53.143036,42.0,52.000004
43.488995,52.203926,42.0,51.0
43.009026,51.256866,44.0,51.0
44.256115,51.184406,44.0,54.0
43.902027,53.76385,44.0,51.0
43.989635,51.09302,43.0,50.0
43.45656,50.695564,42.0,55.0
42.25319,55.264194,47.0,53.0
46.403816,52.60881,46.0,52.000004
45.618015,52.055325,43.0,48.0
43.3392,49.09541,44.0,48.0
44.092632,48.698215,49.0,54.0
47.982338,53.15925,46.0,51.0
44.939697,50.65226,44.0,48.0
44.079502,48.27866,46.0,54.0
45.86886,53.34278,45.0,52.000004
44.88032,51.05646,53.0,55.0
51.573704,54.42845,56.0,53.0
54.659557,52.5618,50.0,56.0
49.10188,55.08034,49.0,54.0
48.795944,52.794037,48.0,54.0
47.656597,53.57312,49.0,51.0
48.782516,50.45756,50.0,52.000004
49.042233,51.48593,49.0,54.0
48.381294,53.094948,50.0,54.0
49.110992,53.100586,52.000004,55.0
50.332954,54.146538,54.0,53.0
51.63515,52.483345,54.0,49.0
52.41948,49.11991,57.0,48.0
55.333176,48.542995,53.0,51.0
52.252293,50.91968,49.0,51.0
48.943714,50.749794,50.0,52.000004
49.963367,51.26992,51.0,54.0
50.442986,53.508312,54.0,50.0
53.005356,50.091267,55.0,49.0
53.78762,49.52005,50.0,52.000004
49.88755,51.840935,43.0,52.000004
44.4826,51.66571,40.0,50.0
42.025795,49.95299,43.0,52.000004
43.82837,52.116447,45.0,53.0
44.85329,52.646748,49.0,52.000004
48.293667,51.814747,49.0,55.0
47.759823,54.32147,42.0,54.0
42.48589,53.35058,42.0,56.0
43.199306,54.91455,41.0,57.0
42.015873,55.770885,40.0,57.0
40.548763,56.051464,37.0,55.0
37.88679,54.82103,37.0,54.0
37.9218,52.696262,40.0,51.0
39.799824,50.687153,40.0,54.0
39.67393,53.521336,38.0,55.0
38.404884,53.715885,37.0,51.0
37.626797,50.10051,41.0,52.000004
40.94048,51.44516,42.0,51.0
41.569237,49.937435,46.0,60.000004
44.555584,58.27197,45.0,62.0
44.25995,59.116234,46.0,60.000004
45.59972,58.19082,43.0,57.0
43.427277,55.59878,47.0,54.0
46.713646,53.496372,45.0,59.0
44.82751,57.815807,45.0,59.0
44.808365,57.545967,41.0,57.999996
41.558167,56.324577,41.0,57.999996
41.807297,56.89867,44.0,49.0
43.98171,49.126827,46.0,52.000004
45.56174,52.121506,45.0,53.0
45.000187,52.152714,45.0,55.0
45.085293,54.138947,46.0,57.0
45.878654,55.237175,44.0,57.0
44.23672,55.38109,41.0,53.0
41.590073,52.13857,43.0,52.000004
43.490314,51.660072,50.0,51.0
48.431732,50.64018,47.0,52.000004
46.287716,51.349586,46.0,52.000004
46.022408,51.04657,47.0,57.0
46.65936,55.3652,44.0,53.0
44.281887,51.640385,42.0,51.0
43.16609,50.690914,45.0,50.0
44.8364,49.925617,48.0,53.0
47.22358,52.53606,43.0,56.0
43.317413,54.892876,44.0,57.999996
44.592674,57.095943,43.0,57.999996
43.353943,56.33846,44.0,57.0
44.383446,55.628365,44.0,56.0
44.39427,54.165573,46.0,53.0
45.96619,51.247334,45.0,54.0
44.93074,52.456467,45.0,57.0
45.20854,55.596066,42.0,55.0
42.519657,53.597656,43.0,56.0
43.58557,54.954453,48.0,57.0
47.35256,56.137177,47.0,57.999996
46.438843,57.020317,43.0,54.0
43.66787,53.201683,43.0,55.0
43.77278,54.734917,39.0,57.0
39.784843,55.834373,37.0,54.0
37.925053,53.012806,42.0,55.0
42.038414,54.52949,41.0,56.0
40.507572,54.32466,40.0,55.0
40.038456,53.681152,45.0,56.0
44.568012,54.75018,48.0,56.0
46.94457,55.035767,48.0,51.0
47.32733,50.92712,48.0,51.0
47.41372,51.04654,45.0,53.0
45.086933,52.612995,46.0,52.000004
46.198082,51.18333,54.0,57.0
52.62734,55.42172,57.0,59.0
54.680832,56.86446,56.0,60.000004
54.4116,58.109062,57.0,59.0
55.34488,57.711586,50.0,56.0
49.748486,55.0982,48.0,56.0
48.390957,55.133068,47.0,57.0
47.46596,55.936123,50.0,57.999996
49.75255,56.64395,49.0,64.0
48.592403,61.92888,53.0,64.0
51.979294,61.764862,52.000004,64.0
50.881138,61.786224,51.0,57.999996
50.76904,57.07401,49.0,54.0
49.25184,53.74754,51.0,57.0
50.596695,56.65033,50.0,55.0
50.07711,54.47678,56.0,54.0
54.964184,53.658497,49.0,54.0
48.72628,53.263317,49.0,52.000004
49.489033,51.70786,50.0,52.000004
50.200863,52.048603,49.0,50.0
49.42196,49.68715,45.0,50.0
45.409447,50.042213,43.0,57.0
43.935223,55.51871,37.0,52.000004
38.481926,50.338543,39.0,54.0
40.342304,52.740955,38.0,56.0
38.577236,53.832176,37.0,54.0
37.70363,52.063488,38.0,55.0
38.604355,53.602024,40.0,56.0
40.07197,54.049625,49.0,61.0
47.691154,58.448414,49.0,57.999996
47.709473,55.975792,50.0,59.0
49.098694,57.3585,51.0,55.0
49.931934,53.743008,50.0,52.000004
49.679382,51.341015,54.0,51.0
53.014694,50.58205,49.0,53.0
48.430145,52.10229,54.0,54.0
53.46992,53.012184,55.0,56.0
54.13835,54.814766,47.0,54.0
47.351284,52.299667,50.0,60.000004
50.32594,58.07657,55.0,60.000004
53.86755,57.36614,52.000004,62.999996
51.315292,61.0483,46.0,52.000004
46.911205,51.465004,51.0,52.000004
50.918385,52.367996,46.0,51.0
45.913105,51.19369,44.0,51.0
44.775234,51.385242,47.0,51.0
47.159508,50.730682,47.0,52.000004
46.69382,51.457405,48.0,50.0
47.81824,49.64928,46.0,52.000004
45.94589,51.592503,46.0,48.0
46.06857,48.11867,44.0,46.0
44.299644,46.642773,45.0,49.0
45.163353,48.690968,41.0,49.0
41.36186,48.57927,43.0,49.0
43.454266,48.482018,42.0,51.0
42.205143,50.251934,40.0,55.0
40.203484,53.672707,44.0,60.000004
44.202168,57.750378,44.0,57.999996
43.72166,56.060516,48.0,59.0
47.41931,57.641953,49.0,57.0
48.260418,55.96153,42.0,61.0
42.65819,59.311928,43.0,57.999996
44.070312,56.36725,45.0,57.999996
45.14491,57.13776,47.0,60.000004
46.546913,58.753654,46.0,56.0
45.645794,55.112484,44.0,52.000004
44.212917,51.31586,45.0,54.0
45.19832,53.630184,43.0,54.0
43.42426,53.027054,49.0,54.0
48.350468,53.195606,45.0,54.0
44.86447,52.881187,44.0,51.0
44.94828,50.954346,49.0,53.0
48.831684,52.95,46.0,60.000004
46.270332,58.67502,43.0,57.0
44.32489,55.495827,45.0,55.0
45.606846,54.805355,51.0,57.999996
49.351746,56.987934,49.0,57.999996
48.333134,56.24347,48.0,57.0
47.090946,55.5644,47.0,57.0
44.56675,56.08768,44.0,55.0
42.669407,54.57155,40.0,55.0
39.94944,54.73823,45.0,56.0
44.895226,54.77068,46.0,56.0
44.63615,54.812195,44.0,54.0
43.147552,53.276894,46.0,53.0
45.047817,52.267162,52.000004,49.0
49.705284,49.24967,52.000004,51.0
49.246014,51.476543,53.0,50.0
49.21038,49.603622,54.0,48.0
51.844196,48.266693,50.0,47.0
50.683853,47.505325,48.0,49.0
48.23786,48.517708,49.0,48.0
47.433132,48.224407,48.0,45.0
47.019096,45.324726,54.0,47.0
52.066376,46.31472,52.000004,47.0
50.64992,46.187458,49.0,52.000004
48.739464,50.32964,55.0,54.0
53.70736,51.961273,56.0,49.0
54.129784,47.985695,56.0,47.0
53.195972,46.684383,57.999996,49.0
54.21043,48.079388,50.0,52.000004
48.00249,50.622803,50.0,51.0
48.512653,49.525166,45.0,50.0
45.33463,48.848717,48.0,51.0
47.16182,50.215595,46.0,55.0
44.71049,53.239998,50.0,57.999996
47.622475,55.617092,44.0,56.0
42.995148,54.62173,44.0,56.0
43.412933,55.109882,46.0,57.0
44.686924,56.214996,43.0,52.000004
42.869118,51.956024,44.0,53.0
44.05388,52.899986,44.0,59.0
43.820164,57.76646,42.0,65.0
42.49552,62.61561,40.0,68.0
40.93215,65.37017,45.0,71.0
44.728493,68.3724,44.0,71.0
43.76885,69.140564,44.0,70.0
43.98684,69.16611,54.0,71.0
52.143547,70.08675,55.0,71.0
52.795498,70.37031,50.0,71.0
49.49901,70.68257,43.0,73.0
43.790993,72.304855,43.0,72.0
44.124058,71.59022,41.0,71.0
41.807304,70.79992,42.0,72.0
42.297523,71.11867,42.0,72.0
42.145508,71.25251,44.0,73.0
43.88598,72.41556,42.0,69.0
42.013336,69.11351,40.0,65.0
39.909416,65.596054,40.0,62.0
40.03174,62.761433,39.0,60.000004
39.341915,60.331085,38.0,57.999996
38.428284,58.395733,40.0,57.0
39.83421,57.040825,41.0,54.0
40.642563,54.269688,41.0,52.000004
40.78202,52.36718,42.0,48.0
41.565727,48.9577,43.0,50.0
42.572952,49.9849,40.0,49.0
40.21248,49.065556,41.0,47.0
41.289124,47.203743,42.0,52.000004
41.807156,51.333717,39.0,52.000004
39.15545,50.65623,41.0,54.0
40.8491,52.610767,44.0,57.999996
43.25356,55.419083,44.0,59.0
43.196915,56.98167,38.0,57.999996
38.3784,56.787518,42.0,59.0
41.923115,58.161133,42.0,61.0
41.644283,60.28178,43.0,60.000004
42.903687,59.198677,41.0,62.0
41.039707,60.79855,40.0,66.99999
40.19687,65.298584,37.0,66.99999
37.874264,65.26668,39.0,68.0
39.424236,67.01101,43.0,66.99999
42.775562,66.31726,43.0,66.99999
42.49062,66.67249,44.0,68.0
43.599243,67.25179,43.0,69.0
43.124104,68.379105,44.0,68.0
44.11716,67.782234,51.0,65.0
49.775803,65.66754,53.0,65.0
51.276024,65.12124,51.0,68.0
49.846798,67.49802,54.0,68.0
52.601303,67.006645,52.000004,66.99999
51.02299,66.76347,48.0,66.0
47.967712,65.90356,42.0,68.0
43.152107,67.30752,41.0,66.0
42.20152,65.544624,44.0,62.0
44.392387,62.46901,50.0,59.0
48.81695,59.70737,46.0,57.0
45.32394,57.327133,45.0,56.0
45.019226,55.82399,49.0,59.0
48.455143,58.40258,52.000004,55.0
50.57829,54.811134,48.0,56.0
47.195282,55.700066,51.0,57.999996
50.32457,56.85509,48.0,57.999996
47.74712,56.22205,45.0,56.0
45.413662,55.140137,51.0,56.0
50.52704,54.872383,54.0,55.0
52.368782,54.542454,56.0,55.0
54.445953,54.758698,57.0,55.0
55.299194,54.619396,53.0,54.0
52.198856,53.90707,50.0,55.0
49.808834,54.537037,49.0,59.0
48.536,57.77246,46.0,57.0
46.605827,55.78752,45.0,64.0
45.78116,62.459698,51.0,62.999996
50.364178,61.489056,47.0,65.0
46.50413,63.761925,45.0,68.0
45.04153,66.32108,46.0,65.0
46.072823,64.10614,44.0,64.0
44.49489,63.333324,49.0,66.0
48.55134,65.10446,50.0,66.0
49.04795,64.82211,47.0,69.0
46.69026,67.44394,46.0,69.0
45.93244,67.447525,48.0,68.0
47.740654,66.976616,55.0,66.0
53.380184,65.417885,54.0,66.0
52.349483,65.822845,56.0,69.0
53.600338,68.15026,53.0,66.99999
51.127075,66.32088,54.0,68.0
52.3514,66.83801,53.0,68.0
51.228695,67.02851,47.0,66.0
46.821674,65.49213,47.0,68.0
46.985043,67.470406,49.0,66.0
48.13212,64.84729,47.0,65.0
46.363735,64.68229,47.0,64.0
46.0534,63.660458,46.0,66.0
45.676395,65.21105,47.0,66.0
46.571434,64.79951,48.0,66.0
47.370564,64.71946,47.0,66.99999
46.077835,65.39924,44.0,65.0
44.232933,63.92283,46.0,65.0
46.05453,64.42722,45.0,66.99999
44.86112,66.132454,46.0,65.0
45.977413,64.75728,54.0,66.0
53.002064,66.512634,55.0,66.99999
53.066566,66.67292,55.0,66.99999
53.98018,66.443596,54.0,66.0
53.276592,65.86007,51.0,66.99999
50.630424,66.86805,50.0,68.0
50.11686,67.479416,55.0,66.0
54.37995,65.81014,55.0,65.0
53.714333,64.64921,54.0,66.0
53.61539,65.88928,54.0,66.0
53.85523,65.82249,52.000004,62.999996
51.77895,62.89652,49.0,62.999996
49.40578,62.867573,51.0,64.0
50.920925,63.983746,48.0,65.0
47.56737,64.255775,48.0,60.000004
48.192825,59.94061,48.0,62.0
48.02687,61.805576,51.0,62.0
50.742523,60.93658,52.000004,64.0
51.617096,63.070156,55.0,64.0
54.4008,63.24162,50.0,62.0
50.00388,61.17324,52.000004,62.0
52.16868,61.634407,50.0,68.0
50.37177,67.121826,48.0,69.0
48.0753,67.41576,53.0,64.0
52.87341,63.44347,55.0,65.0
53.95706,64.318115,54.0,66.0
53.07147,64.930916,54.0,66.0
53.406662,65.1837,55.0,65.0
54.33508,64.449,51.0,66.99999
50.601463,66.298836,51.0,68.0
50.92794,67.0745,50.0,69.0
50.18461,68.00064,50.0,69.0
50.162415,67.79873,49.0,65.0
49.434906,64.72714,52.000004,66.0
52.227417,65.83357,48.0,66.99999
48.77206,66.288246,47.0,64.0
47.947334,63.122593,50.0,65.0
50.39892,64.82163,50.0,66.0
49.836433,65.26775,51.0,64.0
50.811302,64.3936,51.0,66.99999
50.72287,67.43632,48.0,68.0
47.51991,67.52339,49.0,68.0
48.762585,67.62619,51.0,66.99999
50.64365,66.33037,53.0,64.0
52.33878,63.307354,48.0,62.999996
48.679817,63.158386,50.0,62.0
49.761395,62.1835,48.0,62.999996
47.9482,62.888016,46.0,64.0
45.937714,63.593502,46.0,62.0
45.86568,61.95405,48.0,61.0
47.08528,60.44429,47.0,62.0
46.05526,61.65475,48.0,62.0
47.067516,61.454662,47.0,62.0
45.132317,61.24242,46.0,64.0
44.70793,62.869114,47.0,62.0
46.121593,60.957603,45.0,66.0
44.632137,65.0517,47.0,66.0
46.61753,64.335464,46.0,62.999996
45.393238,61.655308,47.0,66.0
46.443504,64.54483,47.0,65.0
46.772358,64.13573,50.0,62.999996
48.71583,61.62051,46.0,62.0
45.45263,60.859295,45.0,62.999996
45.556625,62.039276,47.0,61.0
47.14578,60.45537,46.0,64.0
45.924,62.979565,45.0,64.0
45.185677,63.026096,45.0,64.0
44.867863,62.60155,45.0,66.0
44.50188,64.28521,46.0,68.0
45.84664,65.88524,43.0,65.0
43.2734,63.26915,45.0,64.0
44.854073,62.69993,46.0,62.999996
45.64834,62.48212,46.0,62.999996
45.96277,62.359684,46.0,62.0
45.450764,61.21372,47.0,64.0
46.7189,62.760284,44.0,64.0
44.21407,62.949566,43.0,60.000004
43.625065,59.569313,42.0,62.0
42.37262,61.00803,44.0,64.0
44.02218,62.488815,43.0,62.999996
42.781124,61.52825,44.0,59.0
43.90677,57.972824,45.0,59.0
44.53744,58.237335,43.0,57.0
43.306213,56.382263,43.0,53.0
43.080124,52.589756,47.0,55.0
46.350433,54.459892,44.0,54.0
43.34785,53.39303,42.0,53.0
42.26486,52.363945,41.0,55.0
41.539013,54.308784,44.0,60.000004
44.134354,58.517124,43.0,59.0
42.980484,57.290108,47.0,60.000004
46.475,58.591972,44.0,54.0
43.514446,53.402058,46.0,54.0
45.87631,53.850273,46.0,57.999996
45.862896,57.20096,45.0,62.999996
45.038834,61.272606,44.0,62.0
44.437996,60.321247,46.0,61.0
46.05142,60.05341,44.0,59.0
44.013683,58.146687,46.0,54.0
46.173355,54.004906,46.0,56.0
46.027824,56.34526,44.0,57.0
44.581524,56.556004,41.0,55.0
42.01601,54.287853,44.0,57.0
44.49179,55.9173,46.0,59.0
45.724125,57.256535,52.000004,59.0
50.83786,57.589024,55.0,59.0
53.000988,57.75196,56.0,57.999996
54.4266,57.117634,55.0,57.0
54.237564,55.784073,54.0,60.000004
53.625977,58.578476,50.0,61.0
50.152832,59.352615,49.0,59.0
49.601257,57.80798,50.0,61.0
49.81473,59.86106,46.0,56.0
46.582424,55.60857,44.0,56.0
45.22127,55.39371,47.0,57.0
47.056313,56.23512,47.0,55.0
46.301987,54.02941,47.0,55.0
46.75323,54.246765,44.0,57.999996
44.031044,57.11665,45.0,54.0
44.982872,53.49242,46.0,54.0
45.989086,53.597298,50.0,53.0
49.431656,52.8481,49.0,53.0
48.399555,52.784218,50.0,54.0
49.635414,53.37086,44.0,57.999996
44.8867,56.557896,44.0,60.000004
44.72022,58.417286,50.0,57.999996
49.55039,56.6039,48.0,57.999996
47.941357,57.402267,44.0,59.0
44.95541,58.61393,46.0,57.999996
46.523922,57.737656,52.000004,60.000004
51.29604,58.982162,51.0,59.0
50.375706,58.01413,48.0,59.0
48.30486,58.062088,49.0,62.0
